"","lab","time","Fe","Mn","NH4","NO3","SO4","alt","donau","ofg","year"
"1","LRD29E",2007-03-14,0.182,57.29,NA,5.832,41.71,1440,701,701,2007
"2","LRD29E",2007-04-18,0.061,38.89,NA,3.111,42.2,1440,701,701,2007
"3","LRD29E",2007-05-23,NA,NA,NA,6.055,40.93,1440,701,701,2007
"4","LRD29E",2007-06-20,0.033,42.36,NA,6.402,40.12,1440,701,701,2007
"5","LRD29E",2007-07-18,NA,36.11,NA,6.763,38.1,1440,701,701,2007
"6","LRD29E",2007-08-22,0.131,71.29,NA,5.867,36.91,1440,701,701,2007
"7","LRD29E",2007-09-19,0.02,19.44,NA,2.891,37.06,1440,701,701,2007
"8","LRD29E",2007-10-17,0.054,NA,NA,2.775,36.37,1440,701,701,2007
"9","LRD29E",2007-11-14,0.055,NA,NA,3.929,37.41,1440,701,701,2007
"10","LRD29E",2008-03-12,0.14,48.61,0.019,4.051,43.86,1440,701,701,2008
"11","LRD29E",2008-04-09,0.039,40.74,0.011,3.584,44.25,1440,701,701,2008
"12","LRD29E",2008-05-15,0.099,41.2,0.018,3.976,44.55,1440,701,701,2008
"13","LRD29E",2008-06-16,0.18,NA,0.016,4.442,43.89,1440,701,701,2008
"14","LRD29E",2008-07-16,NA,NA,0.019,5.621,39.88,1440,701,701,2008
"15","LRD29E",2008-08-13,0.072,NA,0.021,5.398,39.45,1440,701,701,2008
"16","LRD29E",2008-09-17,0.145,50,NA,3.307,35.03,1440,701,701,2008
"17","LRD29E",2008-10-16,0.069,47.22,0.01,4.169,34.33,1440,701,701,2008
"18","LRD29E",2008-11-11,0.062,52.78,NA,3.627,34.94,1440,701,701,2008
"19","LRD29E",2009-03-25,0.024,30.556,0.009,3.106,31.495,1440,701,701,2009
"20","LRD29E",2009-04-22,0.016,28.704,0.013,2.96,32.484,1440,701,701,2009
"21","LRD29E",2009-05-13,NA,NA,0.007,3.146,31.899,1440,701,701,2009
"22","LRD29E",2009-06-17,0.039,NA,0.022,6.243,29.47,1440,701,701,2009
"23","LRD29E",2009-07-22,0.011,NA,0.022,7.227,31.554,1440,701,701,2009
"24","LRD29E",2009-08-19,0.037,30.556,0.021,NA,NA,1440,701,701,2009
"25","LRD29E",2009-09-16,0.022,35.417,0.013,6.087,33.928,1440,701,701,2009
"26","LRD29E",2009-10-14,0.348,54.63,0.01,4.035,34.419,1440,701,701,2009
"27","LRD29E",2009-11-10,0.161,36.574,NA,5.203,34.904,1440,701,701,2009
"28","LRD29E",2010-03-24,0.109,NA,NA,3.932,38.9,1440,701,701,2010
"29","LRD29E",2010-04-14,0.033,NA,NA,3.797,36.9,1440,701,701,2010
"30","LRD29E",2010-05-19,0.036,NA,NA,4.437,35.13,1440,701,701,2010
"31","LRD29E",2010-06-16,0.098,NA,NA,7.284,37.73,1440,701,701,2010
"32","LRD29E",2010-07-14,0.077,NA,NA,7.326,37.12,1440,701,701,2010
"33","LRD29E",2010-08-18,0.081,36.11,NA,3.515,47.62,1440,701,701,2010
"34","LRD29E",2010-09-15,0.156,42.59,NA,3.789,40.38,1440,701,701,2010
"35","LRD29E",2010-10-13,0.049,41.67,NA,3.69,39.99,1440,701,701,2010
"36","LRD29E",2010-11-09,0.043,47.22,0.006,3.167,39.85,1440,701,701,2010
"37","LRD29E",2011-03-23,0.695,NA,NA,4.661,39.17,1440,701,701,2011
"38","LRD29E",2011-04-14,0.019,NA,NA,4.599,39.79,1440,701,701,2011
"39","LRD29E",2011-05-17,0.063,NA,NA,5.066,40.33,1440,701,701,2011
"40","LRD29E",2011-06-16,NA,NA,NA,7.648,41.19,1440,701,701,2011
"41","LRD29E",2011-07-18,NA,NA,NA,7.787,42.59,1440,701,701,2011
"42","LRD29E",2011-08-25,NA,31.94,NA,6.664,40.49,1440,701,701,2011
"43","LRD29E",2011-09-15,NA,34.72,NA,4.891,41.03,1440,701,701,2011
"44","LRD29E",2011-10-12,NA,33.33,0.015,4.315,39.91,1440,701,701,2011
"45","LRD29E",2011-11-14,0.045,48.61,0.008,3.689,38.21,1440,701,701,2011
"46","LRD29E",2011-12-12,0.045,35.18,0.007,3.446,36.73,1440,701,701,2011
"47","LRD29E",2012-01-16,0.028,21.4,0.01,4.865,13.539,1440,701,701,2012
"48","LRD29E",2012-02-13,0.028,26.7,0.006,3.482,35.157,1440,701,701,2012
"49","LRD29E",2012-03-19,0.015,23,0.01,4.845,34.998,1440,701,701,2012
"50","LRD29E",2012-04-09,0.016,23.1,NA,5.139,34.723,1440,701,701,2012
"51","LRD29E",2012-05-07,0.015,21.8,0.006,6.297,33.554,1440,701,701,2012
"52","LRD29E",2012-06-11,0.016,21.7,NA,7.189,32.517,1440,701,701,2012
"53","LRD29E",2012-07-16,0.035,21.9,0.012,6.523,30.32,1440,701,701,2012
"54","LRD29E",2012-08-20,0.052,30.2,NA,4.898,28.232,1440,701,701,2012
"55","LRD29E",2012-09-10,0.027,24.6,0.014,4.738,26.954,1440,701,701,2012
"56","LRD29E",2012-10-15,0.014,23.1,NA,4.597,26.128,1440,701,701,2012
"57","LRD29E",2012-11-12,0.03,20.5,0.008,3.987,25.651,1440,701,701,2012
"58","LRD29E",2012-12-10,0.012,23.9,NA,3.302,26.378,1440,701,701,2012
"59","LRD41",2005-06-15,NA,NA,NA,1.898,52.94,753,1374,753,2005
"60","LRD41",2005-08-11,NA,NA,NA,1.571,46.83,753,1374,753,2005
"61","LRD41",2005-09-14,NA,NA,0.013,2.228,43.66,753,1374,753,2005
"62","LRD41",2005-10-12,NA,NA,0.015,1.377,85.6,753,1374,753,2005
"63","LRD41",2006-05-31,NA,60,0.022,11.886,40.34,753,1374,753,2006
"64","LRD41",2006-06-27,0.899,49,0.049,10.524,46.32,753,1374,753,2006
"65","LRD41",2006-08-22,0.459,17.25,0.037,10.078,39.44,753,1374,753,2006
"66","LRD41",2006-09-19,0.162,NA,0.034,4.382,39.95,753,1374,753,2006
"67","LRD41",2007-03-14,0.494,44.79,NA,0.575,31.73,753,1374,753,2007
"68","LRD41",2007-04-18,5.563,109.72,NA,0.742,33.26,753,1374,753,2007
"69","LRD41",2007-05-23,0.164,NA,NA,0.818,33.17,753,1374,753,2007
"70","LRD41",2007-06-20,0.51,47.92,NA,0.894,30.09,753,1374,753,2007
"71","LRD41",2007-08-22,0.877,43.51,NA,0.61,27.19,753,1374,753,2007
"72","LRD41",2007-09-19,0.363,22.22,NA,3.62,30.66,753,1374,753,2007
"73","LRD41",2007-10-17,0.201,NA,NA,3.706,29.75,753,1374,753,2007
"74","LRD41",2007-11-14,0.43,NA,NA,2.304,29.67,753,1374,753,2007
"75","LRD41",2008-03-12,0.148,NA,0.029,1.451,30.65,753,1374,753,2008
"76","LRD41",2008-04-09,0.141,NA,0.021,2.135,26.61,753,1374,753,2008
"77","LRD41",2008-05-15,0.946,46.76,0.019,2.819,25.83,753,1374,753,2008
"78","LRD41",2008-06-16,0.405,NA,0.021,1.846,27.1,753,1374,753,2008
"79","LRD41",2008-07-16,0.051,NA,0.021,2.884,28.11,753,1374,753,2008
"80","LRD41",2008-08-13,0.473,NA,0.031,4.719,29.42,753,1374,753,2008
"81","LRD41",2008-09-17,0.106,NA,0.015,1.219,23.41,753,1374,753,2008
"82","LRD41",2008-10-16,0.134,11.11,0.024,1.009,24.99,753,1374,753,2008
"83","LRD41",2008-11-11,0.091,12.5,0.014,1.107,22.21,753,1374,753,2008
"84","LRD41",2009-03-25,0.332,16.667,0.025,0.922,18.936,753,1374,753,2009
"85","LRD41",2009-04-22,0.164,NA,0.024,2.351,22.004,753,1374,753,2009
"86","LRD41",2009-05-13,0.367,NA,0.022,1.944,19.569,753,1374,753,2009
"87","LRD41",2009-06-17,0.274,NA,0.017,1.222,18.431,753,1374,753,2009
"88","LRD41",2009-07-22,0.411,18.056,0.017,13.053,24.179,753,1374,753,2009
"89","LRD41",2009-08-19,0.04,NA,0.023,5.554,24.921,753,1374,753,2009
"90","LRD41",2009-09-16,0.109,NA,0.032,12.858,27.262,753,1374,753,2009
"91","LRD41",2009-10-14,0.931,51.852,0.016,7.536,26.72,753,1374,753,2009
"92","LRD41",2009-11-10,0.14,NA,0.018,5.073,25.098,753,1374,753,2009
"93","LRD41",2010-03-24,0.427,NA,NA,1.548,24.52,753,1374,753,2010
"94","LRD41",2010-04-14,0.219,NA,NA,1.392,25.24,753,1374,753,2010
"95","LRD41",2010-05-19,0.455,NA,0.007,1.615,23.04,753,1374,753,2010
"96","LRD41",2010-06-16,0.09,NA,NA,9.538,26.92,753,1374,753,2010
"97","LRD41",2010-07-14,0.156,NA,NA,9.977,27.05,753,1374,753,2010
"98","LRD41",2010-08-18,0.416,29.17,NA,6.211,38.29,753,1374,753,2010
"99","LRD41",2010-09-15,0.077,NA,NA,6.229,36,753,1374,753,2010
"100","LRD41",2010-10-13,0.202,12.5,NA,3.73,29.89,753,1374,753,2010
"101","LRD41",2010-11-09,0.098,NA,NA,3.262,28.11,753,1374,753,2010
"102","LRD41",2011-03-24,0.102,NA,NA,9.671,36.84,753,1374,753,2011
"103","LRD41",2011-04-13,0.053,NA,NA,9.821,32.33,753,1374,753,2011
"104","LRD41",2011-05-16,0.034,NA,NA,6.474,27.21,753,1374,753,2011
"105","LRD41",2011-06-15,0.016,NA,NA,5.545,26.07,753,1374,753,2011
"106","LRD41",2011-07-18,0.016,NA,NA,7.013,26.79,753,1374,753,2011
"107","LRD41",2011-08-24,0.093,13.89,NA,7.378,27.27,753,1374,753,2011
"108","LRD41",2011-09-14,0.033,NA,NA,3.316,24.74,753,1374,753,2011
"109","LRD41",2011-10-12,NA,NA,0.024,3.057,23.44,753,1374,753,2011
"110","LRD41",2011-11-14,0.139,12.5,0.008,1.526,20.85,753,1374,753,2011
"111","LRD41",2011-12-12,0.03,NA,0.014,0.986,18.78,753,1374,753,2011
"112","LRD41",2012-01-16,0.038,0.8,0.011,1.472,32.478,753,1374,753,2012
"113","LRD41",2012-02-13,0.087,2.4,0.008,1.53,18.715,753,1374,753,2012
"114","LRD41",2012-03-19,0.02,0.5,0.009,1.044,16.796,753,1374,753,2012
"115","LRD41",2012-04-09,0.031,NA,NA,0.968,15.51,753,1374,753,2012
"116","LRD41",2012-05-07,0.025,0.7,NA,0.98,14.772,753,1374,753,2012
"117","LRD41",2012-06-11,0.027,0.6,NA,1,14.61,753,1374,753,2012
"118","LRD41",2012-07-16,0.027,0.7,0.01,1.433,16.127,753,1374,753,2012
"119","LRD41",2012-08-20,0.024,NA,0.006,1.265,12.543,753,1374,753,2012
"120","LRD41",2012-09-10,0.024,0.7,0.011,0.839,13.944,753,1374,753,2012
"121","LRD41",2012-10-15,0.032,1.2,NA,0.838,11.978,753,1374,753,2012
"122","LRD41",2012-11-12,0.037,1.2,NA,1.008,12.617,753,1374,753,2012
"123","LRD41",2012-12-10,0.028,1.1,NA,0.881,14.544,753,1374,753,2012
"124","LSA23",2011-03-24,0.287,70.83,0.055,0.958,34.4,777,569,569,2011
"125","LSA23",2011-04-14,0.17,NA,0.017,0.65,32.27,777,569,569,2011
"126","LSA23",2011-05-17,0.164,NA,0.016,0.684,32.61,777,569,569,2011
"127","LSA23",2011-06-16,0.157,NA,0.011,0.982,31.21,777,569,569,2011
"128","LSA23",2011-07-19,0.181,NA,0.017,1.187,30.97,777,569,569,2011
"129","LSA23",2011-08-25,0.218,80.56,NA,1.583,28.21,777,569,569,2011
"130","LSA23",2011-09-15,0.186,72.22,0.008,NA,29.13,777,569,569,2011
"131","LSA23",2011-10-12,0.056,72.22,0.016,NA,28.87,777,569,569,2011
"132","LSA23",2011-11-14,0.272,90.28,NA,NA,29.51,777,569,569,2011
"133","LSA23",2011-12-12,0.159,76.85,NA,NA,28.17,777,569,569,2011
"134","LSA23",2012-01-16,0.274,50.4,0.019,NA,27.961,777,569,569,2012
"135","LSA23",2012-02-13,0.181,56.8,0.027,NA,29.645,777,569,569,2012
"136","LSA23",2012-03-19,0.159,64.4,0.023,NA,29.928,777,569,569,2012
"137","LSA23",2012-04-09,0.107,58.2,NA,NA,29.951,777,569,569,2012
"138","LSA23",2012-05-07,0.166,64.7,0.018,NA,31.32,777,569,569,2012
"139","LSA23",2012-06-11,0.222,60.6,0.028,NA,32.314,777,569,569,2012
"140","LSA23",2012-07-16,0.179,65.5,0.035,0.118,31.616,777,569,569,2012
"141","LSA23",2012-08-20,0.162,51.5,0.042,0.095,29.941,777,569,569,2012
"142","LSA23",2012-09-10,0.205,66.7,0.054,NA,29.481,777,569,569,2012
"143","LSA23",2012-10-15,0.193,65.4,0.049,NA,28.108,777,569,569,2012
"144","LSA23",2012-11-12,0.209,66.6,0.04,NA,26.775,777,569,569,2012
"145","LSA23",2012-12-10,0.129,58.1,0.044,NA,26.633,777,569,569,2012
"146","LSA27",2011-03-24,0.061,47.22,NA,1.884,27.62,1007,446,446,2011
"147","LSA27",2011-04-14,NA,NA,NA,0.932,27.12,1007,446,446,2011
"148","LSA27",2011-05-17,NA,NA,NA,0.941,26.32,1007,446,446,2011
"149","LSA27",2011-06-16,NA,NA,NA,1.229,27.23,1007,446,446,2011
"150","LSA27",2011-07-19,NA,NA,NA,1.424,30.87,1007,446,446,2011
"151","LSA27",2011-08-25,NA,NA,NA,1.875,31.47,1007,446,446,2011
"152","LSA27",2011-09-15,NA,NA,NA,0.509,30.28,1007,446,446,2011
"153","LSA27",2011-10-12,NA,NA,0.012,NA,30.52,1007,446,446,2011
"154","LSA27",2011-11-14,NA,NA,0.03,0.504,30.24,1007,446,446,2011
"155","LSA27",2011-12-12,NA,NA,NA,NA,38.59,1007,446,446,2011
"156","LSA27",2012-01-16,0.01,NA,0.01,0.307,39.226,1007,446,446,2012
"157","LSA27",2012-02-13,0.028,NA,0.008,0.761,29.525,1007,446,446,2012
"158","LSA27",2012-03-19,0.006,NA,0.01,0.278,30.202,1007,446,446,2012
"159","LSA27",2012-04-09,0.011,NA,NA,0.276,30.249,1007,446,446,2012
"160","LSA27",2012-05-07,0.008,NA,NA,0.298,29.327,1007,446,446,2012
"161","LSA27",2012-06-11,0.012,NA,0.006,0.555,25.016,1007,446,446,2012
"162","LSA27",2012-07-16,0.022,NA,0.011,1.303,18.477,1007,446,446,2012
"163","LSA27",2012-08-20,0.01,NA,0.006,1.017,22.999,1007,446,446,2012
"164","LSA27",2012-09-10,0.008,NA,NA,0.307,25.991,1007,446,446,2012
"165","LSA27",2012-10-15,NA,NA,0.005,0.346,24.837,1007,446,446,2012
"166","LSA27",2012-11-12,NA,NA,NA,0.324,24.697,1007,446,446,2012
"167","LSA27",2012-12-10,NA,NA,NA,0.342,25.937,1007,446,446,2012
"168","LSA66",2011-03-24,0.051,106.94,NA,1.22,36.58,741,857,741,2011
"169","LSA66",2011-04-14,NA,NA,NA,0.872,33.99,741,857,741,2011
"170","LSA66",2011-05-17,0.017,NA,0.007,0.699,30.61,741,857,741,2011
"171","LSA66",2011-06-16,0.02,NA,0.007,0.902,30.05,741,857,741,2011
"172","LSA66",2011-07-19,0.023,37.5,0.007,1.243,29.99,741,857,741,2011
"173","LSA66",2011-08-25,0.02,38.89,NA,1.437,26.81,741,857,741,2011
"174","LSA66",2011-09-15,0.03,41.67,NA,NA,27.49,741,857,741,2011
"175","LSA66",2011-10-12,NA,38.89,0.012,NA,26.93,741,857,741,2011
"176","LSA66",2011-11-14,0.037,50,NA,NA,27.1,741,857,741,2011
"177","LSA66",2011-12-12,0.028,49.07,0.01,NA,29.42,741,857,741,2011
"178","LSA66",2012-01-16,0.056,32.2,0.021,NA,26.614,741,857,741,2012
"179","LSA66",2012-02-13,0.031,36.8,0.026,NA,25.919,741,857,741,2012
"180","LSA66",2012-03-19,0.025,30.7,0.01,0.091,26.447,741,857,741,2012
"181","LSA66",2012-04-09,0.047,37.3,NA,NA,26.773,741,857,741,2012
"182","LSA66",2012-05-07,0.038,34.5,0.008,0.112,26.537,741,857,741,2012
"183","LSA66",2012-06-11,0.054,49.9,0.027,NA,26.955,741,857,741,2012
"184","LSA66",2012-07-16,0.042,40.8,0.012,0.259,26.925,741,857,741,2012
"185","LSA66",2012-08-20,0.042,39.3,0.018,0.177,27.868,741,857,741,2012
"186","LSA66",2012-09-10,0.038,38.7,0.008,0.117,27.848,741,857,741,2012
"187","LSA66",2012-10-15,0.029,43.3,0.019,0.133,28.498,741,857,741,2012
"188","LSA66",2012-11-12,0.03,39.6,0.009,0.122,28.2,741,857,741,2012
"189","LSA66",2012-12-10,0.025,39.3,0.014,NA,29.248,741,857,741,2012
"190","LSA73",2005-06-15,NA,NA,0.015,NA,28.6,112,2068,112,2005
"191","LSA73",2005-08-11,NA,NA,0.019,NA,14.4,112,2068,112,2005
"192","LSA73",2005-09-14,NA,NA,0.018,NA,17.4,112,2068,112,2005
"193","LSA73",2005-10-12,NA,NA,0.023,NA,34.7,112,2068,112,2005
"194","LSA73",2006-05-31,NA,26.46,0.015,NA,27.46,112,2068,112,2006
"195","LSA73",2006-06-27,0.621,397,0.222,0.493,37.48,112,2068,112,2006
"196","LSA73",2006-08-22,0.215,167.96,0.058,0.837,28.9,112,2068,112,2006
"197","LSA73",2006-09-19,0.495,NA,0.031,NA,24.56,112,2068,112,2006
"198","LSA73",2007-03-14,0.078,NA,NA,0.751,39.81,112,2068,112,2007
"199","LSA73",2007-04-18,0.103,13.89,NA,NA,30.83,112,2068,112,2007
"200","LSA73",2007-05-23,0.055,NA,NA,NA,24.3,112,2068,112,2007
"201","LSA73",2007-06-20,0.089,161.81,NA,NA,16.68,112,2068,112,2007
"202","LSA73",2007-07-18,0.186,270.83,NA,NA,23.74,112,2068,112,2007
"203","LSA73",2007-08-22,0.656,499.07,NA,NA,10.04,112,2068,112,2007
"204","LSA73",2007-09-19,0.532,240.28,NA,1.523,17.2,112,2068,112,2007
"205","LSA73",2007-10-17,0.148,37.5,NA,NA,16.77,112,2068,112,2007
"206","LSA73",2007-11-14,1.899,40.28,NA,NA,20.59,112,2068,112,2007
"207","LSA73",2008-03-12,0.033,NA,0.012,1.013,35.32,112,2068,112,2008
"208","LSA73",2008-04-09,NA,NA,0.011,0.761,34.65,112,2068,112,2008
"209","LSA73",2008-05-15,0.022,13.43,0.015,NA,28.69,112,2068,112,2008
"210","LSA73",2008-06-16,0.04,NA,0.029,0.538,15.94,112,2068,112,2008
"211","LSA73",2008-07-16,0.115,NA,0.035,0.475,2.99,112,2068,112,2008
"212","LSA73",2008-08-13,0.141,NA,0.043,NA,13.5,112,2068,112,2008
"213","LSA73",2008-09-17,0.284,259.72,0.046,NA,13.3,112,2068,112,2008
"214","LSA73",2008-10-16,0.454,408.33,0.11,NA,13.49,112,2068,112,2008
"215","LSA73",2008-11-11,1.079,583.33,0.157,NA,6.13,112,2068,112,2008
"216","LSA73",2009-03-25,NA,NA,0.007,0.56,44.658,112,2068,112,2009
"217","LSA73",2009-04-22,0.018,14.815,0.014,NA,27.772,112,2068,112,2009
"218","LSA73",2009-05-13,0.016,NA,0.008,NA,27.352,112,2068,112,2009
"219","LSA73",2009-06-17,0.042,NA,0.027,NA,21.87,112,2068,112,2009
"220","LSA73",2009-07-22,1.123,NA,0.19,0.532,17.039,112,2068,112,2009
"221","LSA73",2009-08-19,0.299,158.333,0.027,NA,9.544,112,2068,112,2009
"222","LSA73",2009-09-16,0.365,288.194,0.092,NA,5.623,112,2068,112,2009
"223","LSA73",2009-10-14,0.807,451.852,0.213,0.528,NA,112,2068,112,2009
"224","LSA73",2009-11-10,0.773,278.241,0.121,0.485,31.585,112,2068,112,2009
"225","LSA73",2010-03-24,0.016,NA,NA,NA,29.19,112,2068,112,2010
"226","LSA73",2010-04-14,0.015,12.04,NA,0.567,35.08,112,2068,112,2010
"227","LSA73",2010-05-19,0.019,NA,NA,0.473,35.13,112,2068,112,2010
"228","LSA73",2010-06-16,0.147,NA,0.177,0.941,26.03,112,2068,112,2010
"229","LSA73",2010-07-14,0.026,NA,0.01,NA,12.33,112,2068,112,2010
"230","LSA73",2010-08-18,0.227,186.11,0.059,NA,21.15,112,2068,112,2010
"231","LSA73",2010-09-15,0.121,110.65,0.051,NA,23.44,112,2068,112,2010
"232","LSA73",2010-10-13,0.253,245.83,0.096,NA,14.79,112,2068,112,2010
"233","LSA73",2010-11-09,0.623,404.17,0.035,0.46,18.08,112,2068,112,2010
"234","LSA73",2011-03-24,0.035,NA,NA,1.668,40.68,112,2068,112,2011
"235","LSA73",2011-04-13,NA,NA,NA,0.972,37,112,2068,112,2011
"236","LSA73",2011-05-16,0.011,NA,0.01,0.835,20.08,112,2068,112,2011
"237","LSA73",2011-06-15,0.018,NA,0.068,1.073,19.45,112,2068,112,2011
"238","LSA73",2011-07-18,0.023,NA,0.061,1.192,16.16,112,2068,112,2011
"239","LSA73",2011-08-24,0.125,270.83,NA,1.618,19.9,112,2068,112,2011
"240","LSA73",2011-09-14,0.347,640.28,0.007,0.464,11.62,112,2068,112,2011
"241","LSA73",2011-10-12,0.261,873.61,0.27,NA,11.03,112,2068,112,2011
"242","LSA73",2011-11-14,1.488,813.89,0.021,NA,13.92,112,2068,112,2011
"243","LSA73",2011-12-12,1.618,536.57,0.31,NA,28.74,112,2068,112,2011
"244","LSA73",2012-01-16,0.4,73.6,0.034,0.413,27.707,112,2068,112,2012
"245","LSA73",2012-02-13,0.015,7.2,0.01,0.428,39.675,112,2068,112,2012
"246","LSA73",2012-03-19,0.031,5.9,0.007,0.687,35.035,112,2068,112,2012
"247","LSA73",2012-04-09,0.008,1.4,NA,0.303,33.473,112,2068,112,2012
"248","LSA73",2012-05-07,0.01,4.6,NA,0.115,18.15,112,2068,112,2012
"249","LSA73",2012-06-11,0.01,8.1,0.007,0.164,26.713,112,2068,112,2012
"250","LSA73",2012-07-16,0.286,290,0.031,NA,3.409,112,2068,112,2012
"251","LSA73",2012-08-20,0.31,635,0.129,0.096,10.769,112,2068,112,2012
"252","LSA73",2012-09-10,1.1,820,0.32,NA,1.74,112,2068,112,2012
"253","LSA73",2012-10-15,1.64,674,0.933,NA,2.83,112,2068,112,2012
"254","LSA73",2012-11-12,2.3,307,0.457,NA,10.663,112,2068,112,2012
"255","LSA73",2012-12-10,1.36,374,NA,NA,11.298,112,2068,112,2012
"256","LSD30A",2007-03-14,0.107,NA,NA,NA,44.4,1087,1058,1058,2007
"257","LSD30A",2007-04-18,0.021,NA,NA,NA,44.18,1087,1058,1058,2007
"258","LSD30A",2007-05-23,0.061,NA,NA,NA,43.36,1087,1058,1058,2007
"259","LSD30A",2007-06-20,0.152,NA,NA,NA,41.8,1087,1058,1058,2007
"260","LSD30A",2007-07-18,0.087,NA,NA,0.56,42.1,1087,1058,1058,2007
"261","LSD30A",2007-08-22,0.151,NA,NA,NA,40.26,1087,1058,1058,2007
"262","LSD30A",2007-09-19,0.108,NA,NA,1.457,39.77,1087,1058,1058,2007
"263","LSD30A",2007-10-17,0.01,NA,NA,0.984,39.9,1087,1058,1058,2007
"264","LSD30A",2007-11-14,0.092,NA,NA,0.478,40.49,1087,1058,1058,2007
"265","LSD30A",2008-03-12,0.333,NA,0.026,0.51,42.77,1087,1058,1058,2008
"266","LSD30A",2008-04-09,0.058,NA,0.022,0.495,41.52,1087,1058,1058,2008
"267","LSD30A",2008-05-15,0.137,NA,0.015,1.159,45.35,1087,1058,1058,2008
"268","LSD30A",2008-06-16,0.278,NA,0.023,3.521,48.62,1087,1058,1058,2008
"269","LSD30A",2008-07-16,0.203,NA,0.023,2.502,47.56,1087,1058,1058,2008
"270","LSD30A",2008-08-13,0.07,NA,0.031,2.208,45.17,1087,1058,1058,2008
"271","LSD30A",2008-09-17,0.082,NA,0.012,1.249,45.78,1087,1058,1058,2008
"272","LSD30A",2008-10-16,0.019,NA,0.022,0.849,46.07,1087,1058,1058,2008
"273","LSD30A",2008-11-11,0.124,12.5,0.013,0.548,41.63,1087,1058,1058,2008
"274","LSD30A",2009-03-25,0.214,NA,0.015,0.907,39.414,1087,1058,1058,2009
"275","LSD30A",2009-04-22,0.075,NA,0.019,2.235,37.459,1087,1058,1058,2009
"276","LSD30A",2009-05-13,0.026,NA,0.017,1.677,39.587,1087,1058,1058,2009
"277","LSD30A",2009-06-17,0.709,NA,0.019,2.244,36.754,1087,1058,1058,2009
"278","LSD30A",2009-07-22,0.245,NA,0.017,4.45,37.519,1087,1058,1058,2009
"279","LSD30A",2009-08-19,0.288,NA,0.028,2.224,40.164,1087,1058,1058,2009
"280","LSD30A",2009-09-16,0.065,NA,0.028,3.089,44.468,1087,1058,1058,2009
"281","LSD30A",2009-10-14,0.348,10.185,0.018,3.013,44.929,1087,1058,1058,2009
"282","LSD30A",2009-11-10,0.214,NA,0.013,2.099,43.232,1087,1058,1058,2009
"283","LSD30A",2010-03-24,0.039,NA,NA,NA,36.68,1087,1058,1058,2010
"284","LSD30A",2010-04-14,0.162,NA,NA,NA,36.52,1087,1058,1058,2010
"285","LSD30A",2010-05-19,0.359,NA,NA,NA,35.33,1087,1058,1058,2010
"286","LSD30A",2010-06-16,0.063,NA,NA,1.615,36.11,1087,1058,1058,2010
"287","LSD30A",2010-07-14,0.041,NA,NA,1.637,37.3,1087,1058,1058,2010
"288","LSD30A",2010-08-18,0.063,NA,NA,2.961,45.45,1087,1058,1058,2010
"289","LSD30A",2010-09-15,0.109,NA,NA,2.426,47.17,1087,1058,1058,2010
"290","LSD30A",2010-10-13,0.505,NA,NA,1.627,42.44,1087,1058,1058,2010
"291","LSD30A",2010-11-09,0.057,NA,NA,1.275,42.68,1087,1058,1058,2010
"292","LSD30A",2011-03-23,0.024,NA,NA,2.181,43.57,1087,1058,1058,2011
"293","LSD30A",2011-04-13,NA,NA,NA,1.108,42.33,1087,1058,1058,2011
"294","LSD30A",2011-05-17,0.016,NA,NA,1.112,38.54,1087,1058,1058,2011
"295","LSD30A",2011-06-16,NA,NA,NA,1.143,37.38,1087,1058,1058,2011
"296","LSD30A",2011-07-18,NA,NA,NA,1.202,38.11,1087,1058,1058,2011
"297","LSD30A",2011-08-25,0.027,20.83,NA,2.358,41.46,1087,1058,1058,2011
"298","LSD30A",2011-09-15,0.018,25,NA,NA,36.13,1087,1058,1058,2011
"299","LSD30A",2011-10-12,NA,NA,0.014,NA,33.89,1087,1058,1058,2011
"300","LSD30A",2011-11-14,0.054,12.5,NA,NA,33.93,1087,1058,1058,2011
"301","LSD30A",2011-12-12,0.023,NA,NA,NA,30.13,1087,1058,1058,2011
"302","LSD30A",2012-01-16,0.021,4.2,NA,NA,28.627,1087,1058,1058,2012
"303","LSD30A",2012-02-13,0.015,0.6,0.012,0.455,34.609,1087,1058,1058,2012
"304","LSD30A",2012-03-19,0.013,NA,0.012,0.24,36.752,1087,1058,1058,2012
"305","LSD30A",2012-04-09,0.018,NA,NA,0.378,37.704,1087,1058,1058,2012
"306","LSD30A",2012-05-07,0.012,NA,NA,0.358,40.125,1087,1058,1058,2012
"307","LSD30A",2012-06-11,0.017,NA,NA,1.461,38.946,1087,1058,1058,2012
"308","LSD30A",2012-07-16,0.025,NA,0.006,2.207,37.92,1087,1058,1058,2012
"309","LSD30A",2012-08-20,0.013,NA,NA,1.301,37.791,1087,1058,1058,2012
"310","LSD30A",2012-09-10,0.012,NA,0.009,0.529,38.839,1087,1058,1058,2012
"311","LSD30A",2012-10-15,0.014,NA,0.01,0.222,37.832,1087,1058,1058,2012
"312","LSD30A",2012-11-12,0.016,NA,0.012,0.093,36.629,1087,1058,1058,2012
"313","LSD30A",2012-12-10,0.016,NA,0.014,0.137,38.139,1087,1058,1058,2012
"314","LSG11",2005-06-15,NA,NA,0.02,9.49,32.14,188,792,188,2005
"315","LSG11",2005-08-11,NA,NA,0.048,7.424,30.16,188,792,188,2005
"316","LSG11",2005-09-14,NA,NA,0.017,6.079,30.84,188,792,188,2005
"317","LSG11",2005-10-12,NA,NA,0.015,6.667,32.1,188,792,188,2005
"318","LSG11",2006-05-31,NA,NA,0.015,3.454,39.51,188,792,188,2006
"319","LSG11",2006-06-27,0.015,NA,0.038,0.916,41.21,188,792,188,2006
"320","LSG11",2006-08-22,NA,NA,0.028,2.663,33.07,188,792,188,2006
"321","LSG11",2006-09-19,0.045,NA,0.019,3.416,36.24,188,792,188,2006
"322","LSG11",2007-03-14,0.031,107.29,NA,0.565,48.02,188,792,188,2007
"323","LSG11",2007-04-18,0.055,47.22,NA,1.034,43.2,188,792,188,2007
"324","LSG11",2007-05-23,NA,NA,NA,0.954,43.24,188,792,188,2007
"325","LSG11",2007-06-20,0.023,85.42,NA,1.05,44.64,188,792,188,2007
"326","LSG11",2007-07-18,0.329,94.44,NA,1.289,42.28,188,792,188,2007
"327","LSG11",2007-08-22,0.051,250.46,NA,0.776,41.36,188,792,188,2007
"328","LSG11",2007-09-19,0.013,NA,NA,2.468,31.33,188,792,188,2007
"329","LSG11",2007-10-17,NA,NA,NA,1.925,38.75,188,792,188,2007
"330","LSG11",2007-11-14,0.022,NA,NA,0.614,40.04,188,792,188,2007
"331","LSG11",2008-03-12,0.023,12.5,0.028,0.676,42.37,188,792,188,2008
"332","LSG11",2008-04-09,NA,NA,0.022,1.994,37.64,188,792,188,2008
"333","LSG11",2008-05-15,NA,NA,0.015,4.816,34.23,188,792,188,2008
"334","LSG11",2008-06-16,NA,NA,0.026,1.549,43.65,188,792,188,2008
"335","LSG11",2008-07-16,NA,NA,0.027,0.812,41.63,188,792,188,2008
"336","LSG11",2008-08-13,NA,NA,0.028,1.942,31.88,188,792,188,2008
"337","LSG11",2008-09-17,0.016,22.22,0.013,0.958,37.5,188,792,188,2008
"338","LSG11",2008-10-16,0.011,NA,0.017,0.728,37.53,188,792,188,2008
"339","LSG11",2008-11-11,NA,NA,0.01,0.528,37.33,188,792,188,2008
"340","LSG11",2009-03-25,0.015,NA,0.011,2.975,35.286,188,792,188,2009
"341","LSG11",2009-04-22,0.036,10.649,0.019,3.468,34.575,188,792,188,2009
"342","LSG11",2009-05-13,0.024,NA,0.012,3.04,33.613,188,792,188,2009
"343","LSG11",2009-06-17,0.029,NA,0.019,4.85,28.686,188,792,188,2009
"344","LSG11",2009-07-22,NA,NA,0.02,4.043,27.013,188,792,188,2009
"345","LSG11",2009-08-19,NA,NA,0.028,2.224,37.501,188,792,188,2009
"346","LSG11",2009-09-16,0.01,10.417,0.027,1.117,37.301,188,792,188,2009
"347","LSG11",2009-10-14,0.214,62.963,0.017,1.539,37.529,188,792,188,2009
"348","LSG11",2009-11-10,0.034,NA,0.012,1.083,38.198,188,792,188,2009
"349","LSG11",2010-03-24,0.039,NA,NA,1.437,38.29,188,792,188,2010
"350","LSG11",2010-04-14,NA,NA,NA,0.743,37.94,188,792,188,2010
"351","LSG11",2010-05-19,0.143,NA,NA,0.88,38.24,188,792,188,2010
"352","LSG11",2010-06-16,NA,NA,NA,5.051,33.57,188,792,188,2010
"353","LSG11",2010-07-14,NA,14.82,NA,1.39,37.58,188,792,188,2010
"354","LSG11",2010-08-18,0.035,NA,0.008,0.949,39.21,188,792,188,2010
"355","LSG11",2010-09-15,NA,NA,NA,1.611,40.65,188,792,188,2010
"356","LSG11",2010-10-13,0.011,NA,NA,1.139,39.75,188,792,188,2010
"357","LSG11",2010-11-09,NA,NA,NA,1.336,39.46,188,792,188,2010
"358","LSG11",2011-03-23,NA,NA,NA,3.288,53.16,188,792,188,2011
"359","LSG11",2011-04-13,NA,NA,NA,1.49,51.17,188,792,188,2011
"360","LSG11",2011-05-16,NA,NA,NA,1.474,57.31,188,792,188,2011
"361","LSG11",2011-06-15,NA,NA,0.008,1.178,60.5,188,792,188,2011
"362","LSG11",2011-07-18,NA,NA,NA,1.212,39.01,188,792,188,2011
"363","LSG11",2011-08-24,NA,37.5,0.023,1.482,40.67,188,792,188,2011
"364","LSG11",2011-09-14,NA,45.83,NA,NA,45.23,188,792,188,2011
"365","LSG11",2011-10-12,NA,12.5,0.015,NA,34.27,188,792,188,2011
"366","LSG11",2011-11-14,NA,26.39,NA,NA,37.8,188,792,188,2011
"367","LSG11",2011-12-12,NA,51.85,NA,NA,44.09,188,792,188,2011
"368","LSG11",2012-01-16,0.013,41.8,0.006,1.031,31.453,188,792,188,2012
"369","LSG11",2012-02-13,0.008,1.7,0.01,5.404,38.716,188,792,188,2012
"370","LSG11",2012-03-19,0.007,16.1,0.009,0.451,42.077,188,792,188,2012
"371","LSG11",2012-04-09,0.01,3.5,NA,1.988,40.391,188,792,188,2012
"372","LSG11",2012-05-07,0.008,5.1,NA,1.106,40.951,188,792,188,2012
"373","LSG11",2012-06-11,0.011,NA,NA,1.368,40.806,188,792,188,2012
"374","LSG11",2012-07-16,NA,NA,NA,NA,NA,188,792,188,2012
"375","LSG11",2012-08-20,0.009,26.5,NA,2.324,37.116,188,792,188,2012
"376","LSG11",2012-09-10,0.005,7.6,NA,2.03,36.48,188,792,188,2012
"377","LSG11",2012-10-15,0.005,8.2,NA,1.476,35.639,188,792,188,2012
"378","LSG11",2012-11-12,0.006,63.1,NA,NA,28.746,188,792,188,2012
"379","LSG11",2012-12-10,NA,23.1,NA,0.201,38.392,188,792,188,2012
"380","LSG32",2005-06-15,NA,NA,0.007,8.535,21.52,921,199,199,2005
"381","LSG32",2005-08-11,NA,NA,0.013,4.967,33.02,921,199,199,2005
"382","LSG32",2005-09-14,NA,NA,NA,5.423,27.03,921,199,199,2005
"383","LSG32",2005-10-12,NA,NA,NA,5.454,35.6,921,199,199,2005
"384","LSG32",2006-05-31,NA,NA,0.011,7.298,21.57,921,199,199,2006
"385","LSG32",2006-06-27,0.056,NA,0.054,7.008,23.1,921,199,199,2006
"386","LSG32",2006-08-22,0.108,NA,0.026,4.796,33.51,921,199,199,2006
"387","LSG32",2006-09-19,0.044,NA,0.025,5.217,41.01,921,199,199,2006
"388","LSG32",2007-03-14,0.053,NA,NA,11.955,31.47,921,199,199,2007
"389","LSG32",2007-04-18,0.049,NA,NA,7.186,28.46,921,199,199,2007
"390","LSG32",2007-05-23,0.033,NA,NA,5.542,29.77,921,199,199,2007
"391","LSG32",2007-06-20,0.036,NA,NA,6.775,26.16,921,199,199,2007
"392","LSG32",2007-07-18,0.341,11.11,NA,6.788,24.88,921,199,199,2007
"393","LSG32",2007-08-22,0.629,29.63,NA,5.973,23.59,921,199,199,2007
"394","LSG32",2007-09-19,0.725,51.39,NA,2.328,36.26,921,199,199,2007
"395","LSG32",2007-10-17,0.247,NA,NA,4.949,29.87,921,199,199,2007
"396","LSG32",2007-11-14,0.03,NA,NA,6.51,32.03,921,199,199,2007
"397","LSG32",2008-03-12,0.151,15.28,0.016,7.196,39.73,921,199,199,2008
"398","LSG32",2008-04-09,0.139,15.74,0.008,11.27,30.66,921,199,199,2008
"399","LSG32",2008-05-15,0.159,16.2,0.007,9.142,24.6,921,199,199,2008
"400","LSG32",2008-06-16,0.115,NA,NA,5.111,25.83,921,199,199,2008
"401","LSG32",2008-07-16,0.175,NA,NA,6.23,20.39,921,199,199,2008
"402","LSG32",2008-08-13,0.036,NA,NA,5.177,22.39,921,199,199,2008
"403","LSG32",2008-09-17,0.035,NA,NA,5.163,22.38,921,199,199,2008
"404","LSG32",2008-10-16,0.031,NA,NA,4.974,23.06,921,199,199,2008
"405","LSG32",2008-11-11,0.016,NA,NA,4.658,23.39,921,199,199,2008
"406","LSG32",2009-03-25,0.031,NA,NA,11.995,27.28,921,199,199,2009
"407","LSG32",2009-04-22,0.042,NA,NA,6.416,21.729,921,199,199,2009
"408","LSG32",2009-05-13,NA,NA,NA,6.808,20.688,921,199,199,2009
"409","LSG32",2009-06-17,0.041,NA,NA,6.057,18.542,921,199,199,2009
"410","LSG32",2009-07-22,0.21,19.444,0.017,6.332,28.873,921,199,199,2009
"411","LSG32",2009-08-19,0.163,26.389,0.015,5.856,38.312,921,199,199,2009
"412","LSG32",2009-09-16,0.165,21.528,0.01,5.976,28.518,921,199,199,2009
"413","LSG32",2009-10-14,0.324,33.796,0.011,4.975,27.855,921,199,199,2009
"414","LSG32",2009-11-10,0.058,NA,NA,5.777,28.471,921,199,199,2009
"415","LSG32",2010-03-24,0.056,NA,NA,1.201,33.51,921,199,199,2010
"416","LSG32",2010-04-14,0.027,NA,NA,12.947,31.42,921,199,199,2010
"417","LSG32",2010-05-19,0.157,12.04,NA,7.616,28.4,921,199,199,2010
"418","LSG32",2010-06-16,0.222,NA,NA,6.178,24.34,921,199,199,2010
"419","LSG32",2010-07-14,0.016,16.2,NA,4.489,47.6,921,199,199,2010
"420","LSG32",2010-08-18,0.016,NA,NA,4.33,24.96,921,199,199,2010
"421","LSG32",2010-09-15,0.019,NA,NA,4.433,32.27,921,199,199,2010
"422","LSG32",2010-10-13,0.028,NA,NA,4.988,28.85,921,199,199,2010
"423","LSG32",2010-11-09,0.039,NA,NA,4.812,31.14,921,199,199,2010
"424","LSG32",2011-03-23,0.116,NA,NA,8.982,71.02,921,199,199,2011
"425","LSG32",2011-04-14,NA,NA,NA,9.7,53.09,921,199,199,2011
"426","LSG32",2011-05-16,NA,NA,NA,8.849,36.4,921,199,199,2011
"427","LSG32",2011-06-15,NA,NA,NA,7.024,42.51,921,199,199,2011
"428","LSG32",2011-07-18,NA,NA,NA,5.846,34.83,921,199,199,2011
"429","LSG32",2011-08-24,NA,33.33,NA,5.235,27,921,199,199,2011
"430","LSG32",2011-09-14,NA,NA,NA,3.548,27.15,921,199,199,2011
"431","LSG32",2011-10-12,NA,NA,0.015,4.154,25.7,921,199,199,2011
"432","LSG32",2011-11-14,NA,NA,NA,5.002,28.03,921,199,199,2011
"433","LSG32",2011-12-12,NA,NA,NA,4.301,33.36,921,199,199,2011
"434","LSG32",2012-01-16,NA,NA,0.008,11.704,25.503,921,199,199,2012
"435","LSG32",2012-02-13,0.012,NA,0.009,2.188,27.39,921,199,199,2012
"436","LSG32",2012-03-19,0.02,NA,0.006,11.066,27.593,921,199,199,2012
"437","LSG32",2012-04-09,0.007,NA,NA,8.169,26.446,921,199,199,2012
"438","LSG32",2012-05-07,NA,NA,0.006,6.583,25.254,921,199,199,2012
"439","LSG32",2012-06-11,NA,NA,NA,5.563,20.795,921,199,199,2012
"440","LSG32",2012-07-16,NA,NA,NA,5.534,19.748,921,199,199,2012
"441","LSG32",2012-08-20,0.005,NA,NA,5.282,21.055,921,199,199,2012
"442","LSG32",2012-09-10,NA,NA,NA,5.129,24.443,921,199,199,2012
"443","LSG32",2012-10-15,NA,NA,NA,6.14,23.875,921,199,199,2012
"444","LSG32",2012-11-12,0.005,NA,NA,6.176,25.703,921,199,199,2012
"445","LSG32",2012-12-10,NA,NA,NA,6.177,27.282,921,199,199,2012
"446","LSG9",2005-06-15,NA,NA,0.012,10.13,30.9,581,542,542,2005
"447","LSG9",2005-08-11,NA,NA,0.014,9.716,27.71,581,542,542,2005
"448","LSG9",2005-09-14,NA,NA,0.008,9.067,28.93,581,542,542,2005
"449","LSG9",2005-10-12,NA,NA,NA,8.256,30.3,581,542,542,2005
"450","LSG9",2006-05-31,NA,NA,0.018,6.332,29.08,581,542,542,2006
"451","LSG9",2006-06-27,0.015,NA,0.04,2.234,23.74,581,542,542,2006
"452","LSG9",2006-08-22,0.017,NA,0.013,2.336,26.29,581,542,542,2006
"453","LSG9",2006-09-19,0.029,NA,0.008,5.131,28.42,581,542,542,2006
"454","LSG9",2007-03-14,NA,NA,NA,7.633,31.6,581,542,542,2007
"455","LSG9",2007-04-18,0.043,NA,NA,9.133,32.02,581,542,542,2007
"456","LSG9",2007-05-23,NA,NA,NA,9.441,32.13,581,542,542,2007
"457","LSG9",2007-06-20,0.052,NA,NA,8.48,30.39,581,542,542,2007
"458","LSG9",2007-07-18,0.834,29.17,NA,4.771,28.47,581,542,542,2007
"459","LSG9",2007-08-22,0.077,NA,NA,7.507,27.58,581,542,542,2007
"460","LSG9",2007-09-19,0.01,11.11,NA,0.899,25.74,581,542,542,2007
"461","LSG9",2007-10-17,0.012,NA,NA,3.48,25.92,581,542,542,2007
"462","LSG9",2007-11-14,NA,NA,NA,4.492,26.95,581,542,542,2007
"463","LSG9",2008-03-12,NA,NA,0.009,7.593,28.48,581,542,542,2008
"464","LSG9",2008-04-09,NA,NA,NA,6.738,28.63,581,542,542,2008
"465","LSG9",2008-05-15,NA,NA,0.011,4.715,29.6,581,542,542,2008
"466","LSG9",2008-06-16,NA,NA,NA,1.655,22.68,581,542,542,2008
"467","LSG9",2008-07-16,0.012,11.11,0.073,0.942,15.1,581,542,542,2008
"468","LSG9",2008-08-13,NA,NA,0.018,1.887,19.81,581,542,542,2008
"469","LSG9",2008-09-17,0.049,NA,0.012,3.262,23.12,581,542,542,2008
"470","LSG9",2008-10-16,0.013,13.89,0.009,4.677,26.75,581,542,542,2008
"471","LSG9",2008-11-11,NA,NA,NA,5.785,26.05,581,542,542,2008
"472","LSG9",2009-03-25,NA,NA,NA,6.099,32.138,581,542,542,2009
"473","LSG9",2009-04-22,NA,NA,NA,9.017,31.121,581,542,542,2009
"474","LSG9",2009-05-13,NA,NA,NA,7.362,28.145,581,542,542,2009
"475","LSG9",2009-06-17,0.01,NA,0.015,8.104,25.246,581,542,542,2009
"476","LSG9",2009-07-22,0.022,NA,0.02,0.833,20.303,581,542,542,2009
"477","LSG9",2009-08-19,NA,NA,0.014,4.241,27.284,581,542,542,2009
"478","LSG9",2009-09-16,NA,NA,0.007,6.419,26.179,581,542,542,2009
"479","LSG9",2009-10-14,0.103,15.741,0.007,4.06,26.097,581,542,542,2009
"480","LSG9",2009-11-10,0.027,NA,NA,4.655,25.586,581,542,542,2009
"481","LSG9",2010-03-24,0.01,NA,NA,7.112,29.07,581,542,542,2010
"482","LSG9",2010-04-14,0.013,NA,NA,7.685,29.31,581,542,542,2010
"483","LSG9",2010-05-19,0.043,NA,NA,9.654,30.63,581,542,542,2010
"484","LSG9",2010-06-16,NA,NA,NA,1.107,26.46,581,542,542,2010
"485","LSG9",2010-07-14,0.016,12.04,NA,7.839,27.61,581,542,542,2010
"486","LSG9",2010-08-18,0.018,11.11,NA,1.165,27.86,581,542,542,2010
"487","LSG9",2010-09-15,NA,NA,NA,2.014,27.83,581,542,542,2010
"488","LSG9",2010-10-13,NA,NA,NA,4.495,28.87,581,542,542,2010
"489","LSG9",2010-11-09,NA,NA,NA,4.762,29.56,581,542,542,2010
"490","LSG9",2011-03-23,NA,NA,NA,6.92,32.41,581,542,542,2011
"491","LSG9",2011-04-13,NA,NA,NA,7.437,33.03,581,542,542,2011
"492","LSG9",2011-05-16,NA,NA,NA,7.199,33.83,581,542,542,2011
"493","LSG9",2011-06-15,NA,NA,NA,8.659,34.13,581,542,542,2011
"494","LSG9",2011-07-18,NA,NA,NA,7.571,33.36,581,542,542,2011
"495","LSG9",2011-08-24,NA,29.17,NA,4.199,26.56,581,542,542,2011
"496","LSG9",2011-09-14,NA,NA,NA,3.201,28.67,581,542,542,2011
"497","LSG9",2011-10-12,NA,NA,0.015,3.319,27.73,581,542,542,2011
"498","LSG9",2011-11-14,NA,NA,NA,4.252,28.24,581,542,542,2011
"499","LSG9",2011-12-12,NA,NA,NA,3.833,26.41,581,542,542,2011
"500","LSG9",2012-01-16,0.008,NA,NA,6.971,27.022,581,542,542,2012
"501","LSG9",2012-02-13,0.007,NA,0.011,8.55,33.183,581,542,542,2012
"502","LSG9",2012-03-19,NA,NA,0.01,7.769,30.229,581,542,542,2012
"503","LSG9",2012-04-09,0.007,NA,NA,8.123,29.098,581,542,542,2012
"504","LSG9",2012-05-07,0.006,NA,0.007,8.19,28.962,581,542,542,2012
"505","LSG9",2012-06-11,0.007,NA,NA,8.244,27.671,581,542,542,2012
"506","LSG9",2012-07-16,NA,NA,NA,NA,NA,581,542,542,2012
"507","LSG9",2012-08-20,NA,NA,0.005,4.65,23.383,581,542,542,2012
"508","LSG9",2012-09-10,0.008,NA,NA,5.368,23.643,581,542,542,2012
"509","LSG9",2012-10-15,NA,NA,NA,5.625,24.2,581,542,542,2012
"510","LSG9",2012-11-12,0.005,NA,NA,5.967,25.262,581,542,542,2012
"511","LSG9",2012-12-10,NA,NA,NA,5.25,26.557,581,542,542,2012
